name;province;province_normalized
April Spa & Clinic Phan Rang;Khánh Hoà;Khánh Hoà
Venice Spa & Beauty Center Phan Rang;Khánh Hoà;Khánh Hoà
Massage & Spa Tuyết Vi Phan Rang;Khánh Hoà;Khánh Hoà
Massage Phan Rang trị liệu Trâm Lê Spa;Khánh Hoà;Khánh Hoà
Sunny Spa Phan Rang trị liệu massage;Khánh Hoà;Khánh Hoà
Spa IDol 2 Massage Phan Rang;Khánh Hoà;Khánh Hoà
Mũi Né Johnny Spa;Lâm Đồng;Lâm Đồng
Viện Thẩm Mỹ Dr.Sen;Đồng Nai;Đồng Nai
Massage Như Ý - Cát Tường;Lâm Đồng;Lâm Đồng
Thẩm Mỹ Viện Seoul;Lâm Đồng;Lâm Đồng
Spa Sunflower;Lâm Đồng;Lâm Đồng
Hưng Thành Luxury Massage Phan Thiết;Lâm Đồng;Lâm Đồng
Spa Mỹ Uyên;Cà Mau;Cà Mau
Mie House;Cà Mau;Cà Mau
Hana Spa Vinh;Nghệ An;Nghệ An
Thanh Thanh Spa;Nghệ An;Nghệ An
Camellia Spa;Nghệ An;Nghệ An
Nataly Beauty & Spa;Nghệ An;Nghệ An
HB SPA - Nghệ An;Nghệ An;Nghệ An
Khu du lịch sinh thái nước khoáng nóng Sơn Kim;Hà Tĩnh;Hà Tĩnh
Lê Tâm Spa;Hà Tĩnh;Hà Tĩnh
Melia Spa;Hà Tĩnh;Hà Tĩnh
Mậm Spa;Hà Tĩnh;Hà Tĩnh
Thanh Tâm Spa;Hà Tĩnh;Hà Tĩnh
Spa Emmy;Hà Tĩnh;Hà Tĩnh
Suối Nước Nóng Hội Vân;Gia Lai;Gia Lai
Yến Vy Spa;Gia Lai;Gia Lai
Charm Spa;Gia Lai;Gia Lai
Maris Beauty & Spa;Gia Lai;Gia Lai
Công viên Suối khoáng nóng Núi Thần Tài;TP. Đà Nẵng;TP. Đà Nẵng
Chạm Spa;Gia Lai;Gia Lai
Zen Spa;Gia Lai;Gia Lai
Khu du lịch tắm khoáng nóng Phước Nhơn;TP. Đà Nẵng;TP. Đà Nẵng
Salem Spa Garden;TP. Đà Nẵng;TP. Đà Nẵng
Massage House Đà Nẵng;TP. Đà Nẵng;TP. Đà Nẵng
Cham Spa & Massage;TP. Đà Nẵng;TP. Đà Nẵng
Min Luxury Spa & Spa Massage;TP. Đà Nẵng;TP. Đà Nẵng
An An Clinic & Spa;Quảng Ngãi;Quảng Ngãi
Ella Beauty Spa;Quảng Ngãi;Quảng Ngãi
Thủy Tiên Nasy Spa;Quảng Ngãi;Quảng Ngãi
Sakura Beauty & Spa;Quảng Ngãi;Quảng Ngãi
Himalaya Spa;Quảng Ngãi;Quảng Ngãi
Kha Châu Spa Massage;Lâm Đồng;Lâm Đồng
Suối nước nóng Đam Rông;Lâm Đồng;Lâm Đồng
Massage Đá Muối - Tuyền Lâm Spa;Lâm Đồng;Lâm Đồng
Clover Spa - Best Spa Massage in Da Lat;Lâm Đồng;Lâm Đồng
Hương Thảo - Mem Spa;Lâm Đồng;Lâm Đồng
Asena Spa;Quảng Trị;Quảng Trị
La Bella Spa;Quảng Trị;Quảng Trị
Magic Fingers Massage;Quảng Trị;Quảng Trị
Gold Coast Hotel Resort & Spa;Quảng Trị;Quảng Trị
Spa Dưỡng Sinh Tâm An Nhiên Quảng Bình;Quảng Trị;Quảng Trị
Healing spa;TP. Đà Nẵng;TP. Đà Nẵng
Ylang Ylang Spa - Best Spa In Hoi An;TP. Đà Nẵng;TP. Đà Nẵng
Green Grass Spa;TP. Đà Nẵng;TP. Đà Nẵng
Citrus Health Spa;TP. Đà Nẵng;TP. Đà Nẵng
Heaven Garden Spa;TP. Đà Nẵng;TP. Đà Nẵng
Diamond Clinic & Spa;Đắk Lắk;Đắk Lắk
Spa Tulip;Đắk Lắk;Đắk Lắk
Moon Spa;Đắk Lắk;Đắk Lắk
Hơ Sa Spa;Đắk Lắk;Đắk Lắk
Spa - Massage Phương Anh;Đắk Lắk;Đắk Lắk
Công viên suối khoáng nóng Hamya;Quảng Ngãi;Quảng Ngãi
Hanah Clinic & Spa;Quảng Ngãi;Quảng Ngãi
Mùa Xuân Spa;Quảng Ngãi;Quảng Ngãi
Tuyết Beauty Spa & Clinic;Quảng Ngãi;Quảng Ngãi
SuLy Spa;Quảng Ngãi;Quảng Ngãi
HB Spa - Thủ Đạo Thang Quảng ngãi;Quảng Ngãi;Quảng Ngãi
Suối khoáng nóng AlbaThanh Tân;TP. Huế;TP. Huế
Sosono Spa | Best massage in Hue;TP. Huế;TP. Huế
Cam On Spa & Massage;TP. Huế;TP. Huế
May Massage & Spa;TP. Huế;TP. Huế
Best Spa Massage Hue;TP. Huế;TP. Huế
Amadora Wellness & Spa;TP. Hà Nội;TP. Hà Nội
Asean Resort & Spa;TP. Hà Nội;TP. Hà Nội
Diva Spa;TP. Cần Thơ;TP. Cần Thơ
Spa Kiến Sanh;TP. Cần Thơ;TP. Cần Thơ
Hera Spa Hàn Quốc;TP. Cần Thơ;TP. Cần Thơ
Eva Spa;TP. Cần Thơ;TP. Cần Thơ
Anna Spa;Đồng Tháp;Đồng Tháp
Beauty de Siam;Đồng Tháp;Đồng Tháp
Dưỡng Tâm Mỹ Tho - Spa Dưỡng Sinh Đông Y;Đồng Tháp;Đồng Tháp
Queen Spa;Đồng Tháp;Đồng Tháp
Trang Beauty and Spa;Cà Mau;Cà Mau
Linh - Beauty & Spa;Cà Mau;Cà Mau
Genus Spa;Cà Mau;Cà Mau
Thảo Mộc Spa;Cà Mau;Cà Mau
Viện thẩm mỹ DIVA;Cà Mau;Cà Mau
Kay Spa Cà Mau;Cà Mau;Cà Mau
Ruby Tran Spa;Cà Mau;Cà Mau
Viện thẩm mỹ DIVA Đồng Nai;Đồng Nai;Đồng Nai
Uyên Spa Biên Hòa;Đồng Nai;Đồng Nai
Shynh Beauty Spa;Đồng Tháp;Đồng Tháp
Khu nghỉ dưỡng trên núi Meliá Ba Vì;TP. Hà Nội;TP. Hà Nội
Nguyễn Phan Beauty Spa;TP. Cần Thơ;TP. Cần Thơ
Salinda Phú Quốc Resort & Spa;An Giang;An Giang
Phú Quốc Day Spa & Massage;An Giang;An Giang
Trâm Spa & Massage Phú Quốc;An Giang;An Giang
Luna Thai Spa (Dusit Princess Moonrise Resort);An Giang;An Giang
Spa Đông Y Hana;Đồng Tháp;Đồng Tháp
Thẩm Mỹ Viện Ngọc Hường;Đồng Tháp;Đồng Tháp
Katyusha Nail & Spa;An Giang;An Giang
Gội dưỡng sinh Levie Spa;TP. Hồ Chí Minh;TP. Hồ Chí Minh
TĨNH Wellness Sanctuary (La Veranda Resort Phú Quốc);An Giang;An Giang
Golden Lotus Healing Spa World;TP. Hồ Chí Minh;TP. Hồ Chí Minh
Lotus Spa;An Giang;An Giang
Sức Sống Mới Spa;An Giang;An Giang
L’apothiquaire Spa;TP. Hồ Chí Minh;TP. Hồ Chí Minh
Queen Spa;Tây Ninh;Tây Ninh
Seoul Spa;Tây Ninh;Tây Ninh
Lavender Spa;TP. Hồ Chí Minh;TP. Hồ Chí Minh
Gà Spa;Tây Ninh;Tây Ninh
Lụa Spa;TP. Hồ Chí Minh;TP. Hồ Chí Minh
OMANI Spa;TP. Hồ Chí Minh;TP. Hồ Chí Minh
Nàng Thơ Massage;Tây Ninh;Tây Ninh
Phaya Thai Spa;TP. Hồ Chí Minh;TP. Hồ Chí Minh
Mỹ Liên Beauty & Spa;Tây Ninh;Tây Ninh
Spa Nữ Hoàng;Tây Ninh;Tây Ninh
Quỳnh Như Foot Massage;TP. Hồ Chí Minh;TP. Hồ Chí Minh
Sen Spa;TP. Hồ Chí Minh;TP. Hồ Chí Minh
Vy House Spa;TP. Cần Thơ;TP. Cần Thơ
Temple Leaf Spa Land;TP. Hồ Chí Minh;TP. Hồ Chí Minh
Thiền Spa;TP. Hồ Chí Minh;TP. Hồ Chí Minh
Giàu Spa;TP. Cần Thơ;TP. Cần Thơ
Thu Cúc Clinic;TP. Hồ Chí Minh;TP. Hồ Chí Minh
An House Spa;TP. Cần Thơ;TP. Cần Thơ
Kay Spa;TP. Cần Thơ;TP. Cần Thơ
Viện Dưỡng Sinh Đông Y Mudra House;TP. Hồ Chí Minh;TP. Hồ Chí Minh
Diva Spa;TP. Cần Thơ;TP. Cần Thơ
Viện Y Dược Học Dân Tộc;TP. Hồ Chí Minh;TP. Hồ Chí Minh
Seoul Spa Biên Hòa;Đồng Nai;Đồng Nai
Spa Nana;Đồng Nai;Đồng Nai
CLB Aerobic - Zumba - Yoga Hồng Phương;Vĩnh Long;Vĩnh Long
Mộc Nhiên Spa;Vĩnh Long;Vĩnh Long
Nature Spa;Vĩnh Long;Vĩnh Long
Spa Yến Ngọc Beauty;Đồng Nai;Đồng Nai
Sang Sang Spa;Vĩnh Long;Vĩnh Long
Thẩm mỹ viện Diva Trà Vinh;Vĩnh Long;Vĩnh Long
Amy Spa Biên Hòa;Đồng Nai;Đồng Nai
Gà Spa Biên Hoà;Đồng Nai;Đồng Nai
Kitty Spa;Đồng Nai;Đồng Nai
Spa Quỳnh Mai;Đồng Nai;Đồng Nai
Spa Anna;Đồng Nai;Đồng Nai
Trung Tâm Luna House Spa & Cosmetic;Đồng Nai;Đồng Nai
Trung Tâm Vy Clinic & Spa;Đồng Nai;Đồng Nai
Spa Ngọc Hà Sunny;Đồng Nai;Đồng Nai
Anna Spa & Chăm sóc da;Vĩnh Long;Vĩnh Long
Calee Spa Beauty & Clinic;Vĩnh Long;Vĩnh Long
Carini Spa;Vĩnh Long;Vĩnh Long
HB Spa;Vĩnh Long;Vĩnh Long
KAY Spa;Vĩnh Long;Vĩnh Long
Myan Spa;Vĩnh Long;Vĩnh Long
Myan Spa;Vĩnh Long;Vĩnh Long
Tuyền Chill Spa;Vĩnh Long;Vĩnh Long
Zen Spa;Vĩnh Long;Vĩnh Long
Spa Thảo Trần;Đồng Nai;Đồng Nai
Dr Duyên Spa;Đồng Nai;Đồng Nai
Trung Tâm Thùy Dương House;Đồng Nai;Đồng Nai
Cơ Sở Nguyên Khang;Đồng Nai;Đồng Nai
Cơ Sở Massage Nguời Mù Biên Hòa;Đồng Nai;Đồng Nai
Thẩm Mỹ Viện Hoài Anh;Đồng Nai;Đồng Nai
Viện thẩm mỹ Diva Cần Thơ;TP. Cần Thơ;TP. Cần Thơ
Sen River Spa Cần Thơ;TP. Cần Thơ;TP. Cần Thơ
Lona Home Spa Cần Thơ;TP. Cần Thơ;TP. Cần Thơ
Thẩm Mỹ Viện SeoulSpa.Vn Phan Rang;Khánh Hoà;Khánh Hoà
Viện Thẩm Mỹ Khơ Thị Cần Thơ;TP. Cần Thơ;TP. Cần Thơ
Diễm Anh Spa - Gội đầu dưỡng sinh Đồng Xoài;Đồng Nai;Đồng Nai
Dương Hà Spa;Đồng Nai;Đồng Nai
Hersbeauty Spa;Đồng Nai;Đồng Nai
Yori Beauty and Spa Cần Thơ;TP. Cần Thơ;TP. Cần Thơ
Nanny Mom & Baby Care - Spa chăm sóc Mẹ và Bé tại Đồng Xoài;Đồng Nai;Đồng Nai
Kay Spa Cần Thơ;TP. Cần Thơ;TP. Cần Thơ
P relax;Đồng Nai;Đồng Nai
Thu Spa Cần Thơ;TP. Cần Thơ;TP. Cần Thơ
Sen Trắng Spa - Healthy & Beauty;Đồng Nai;Đồng Nai
Thanh House - Spa & Academy;Đồng Nai;Đồng Nai
Thẩm mỹ viện Đông Á Cần Thơ;TP. Cần Thơ;TP. Cần Thơ
Yến Nhi Beauty Spa - Clinic;Đồng Nai;Đồng Nai
Hawon Spa Land - Family;TP. Cần Thơ;TP. Cần Thơ
HILA Spa & Clinic - Cần Thơ;TP. Cần Thơ;TP. Cần Thơ
Viện thẩm mỹ DIVA;Cà Mau;Cà Mau
Baris Spa Foot Massage;TP. Cần Thơ;TP. Cần Thơ
Massage Tô Châu;Cà Mau;Cà Mau
Life Spa;TP. Cần Thơ;TP. Cần Thơ
Đông Dương Massage Cần Thơ;TP. Cần Thơ;TP. Cần Thơ
Massage King Room Cần Thơ;TP. Cần Thơ;TP. Cần Thơ
Mekong Foot Massage Cần Thơ;TP. Cần Thơ;TP. Cần Thơ
Massage Gia Đình KQ;TP. Cần Thơ;TP. Cần Thơ
Chăm Sóc Da Ngọc Điệp;Cà Mau;Cà Mau
Tâm Spa;Cà Mau;Cà Mau
SPA AMI;Cà Mau;Cà Mau
Cơ Sở Dịch Vụ Y Học Cổ Truyền Tư Nhân Cúc Hoa;TP. Hồ Chí Minh;TP. Hồ Chí Minh
Mây Spa;TP. Hồ Chí Minh;TP. Hồ Chí Minh
Viện thẩm mỹ Hana;TP. Hồ Chí Minh;TP. Hồ Chí Minh
Thẩm mỹ Quốc tế Linh Anh;TP. Hồ Chí Minh;TP. Hồ Chí Minh
Thẩm Mỹ Viện Ngọc Ngân;TP. Hồ Chí Minh;TP. Hồ Chí Minh
Spa Thảo Hương;TP. Hồ Chí Minh;TP. Hồ Chí Minh
Massage Khang Phát Tài;TP. Hồ Chí Minh;TP. Hồ Chí Minh
Thẩm mỹ viện Ngọc Dung;TP. Hồ Chí Minh;TP. Hồ Chí Minh
Khỏe Massage;Vĩnh Long;Vĩnh Long
Beauty de Siam;Vĩnh Long;Vĩnh Long
Hướng Dương Spa - Massage;Vĩnh Long;Vĩnh Long
Quỳnh Như Foot Massage;Vĩnh Long;Vĩnh Long
KAY Spa;Vĩnh Long;Vĩnh Long
NH Spa & Academy;Vĩnh Long;Vĩnh Long
Gà Spa;Vĩnh Long;Vĩnh Long
Kan Spa Beauty;Vĩnh Long;Vĩnh Long
Thẩm mỹ viện Ngọc Dung;TP. Hồ Chí Minh;TP. Hồ Chí Minh
Viện Thẩm Mỹ Công Nghệ Cao Lady Premium;TP. Hồ Chí Minh;TP. Hồ Chí Minh
Gà Spa;TP. Hồ Chí Minh;TP. Hồ Chí Minh
Vân Nguyễn Spa & Clinic;TP. Hồ Chí Minh;TP. Hồ Chí Minh
KAJA SPA;TP. Hồ Chí Minh;TP. Hồ Chí Minh
Lux Spa;TP. Hồ Chí Minh;TP. Hồ Chí Minh
Thẩm Mỹ Viện Seoul Center;TP. Hồ Chí Minh;TP. Hồ Chí Minh
Viện Thẩm Mỹ DIVA;TP. Hồ Chí Minh;TP. Hồ Chí Minh
Spa Cô Ba;TP. Hồ Chí Minh;TP. Hồ Chí Minh
Spa Thiên Phước;TP. Hồ Chí Minh;TP. Hồ Chí Minh
KIM Beauty Spa & Eyelash;Quảng Ninh;Quảng Ninh
Love Beauty Spa;Quảng Ninh;Quảng Ninh
Luxi Beauty;Quảng Ninh;Quảng Ninh
Spa Menina;Quảng Ninh;Quảng Ninh
Spa Thu Cúc Clinic;Quảng Ninh;Quảng Ninh
Thẩm mỹ Quốc tế Sen Việt;Quảng Ninh;Quảng Ninh
Thẩm Mỹ Ngọc Hân;Sơn La;Sơn La
Babor Beauty Spa;Sơn La;Sơn La
Sài Gòn Xinh Spa;Sơn La;Sơn La
Bệnh viện đa khoa Cuộc Sống;Sơn La;Sơn La
Bệnh viện Phong và Da liễu tỉnh Sơn La;Sơn La;Sơn La
Thẩm mỹ Nụ Trần;Hưng Yên;Hưng Yên
Lộc Spa;Hưng Yên;Hưng Yên
The Queen Nail & Spa;Hưng Yên;Hưng Yên
Nhung Spa;Hưng Yên;Hưng Yên
Thẩm Mỹ Viện The Beauty & Clinic;Hưng Yên;Hưng Yên
Cội Spa;TP. Huế;TP. Huế
King Beauty Spa;TP. Huế;TP. Huế
Kobi Onsen Resort Hue;TP. Huế;TP. Huế
Relax Spa;TP. Huế;TP. Huế
Sen Spa & Massage;TP. Huế;TP. Huế
Aquafield Ocean City;Hưng Yên;Hưng Yên
Hoa Diva Spa;Hưng Yên;Hưng Yên
Linh Chill & Spa;Hưng Yên;Hưng Yên
Mori Onsen & Spa;Hưng Yên;Hưng Yên
Trang Queen Spa;Hưng Yên;Hưng Yên
Dưỡng sinh Đông Y Hegol;TP. Hồ Chí Minh;TP. Hồ Chí Minh
Jjim Jil Bang-Massage Hồng Hà;TP. Hồ Chí Minh;TP. Hồ Chí Minh
Mộc Hương Spa;TP. Hồ Chí Minh;TP. Hồ Chí Minh
Rebi Beauty Spa;TP. Hồ Chí Minh;TP. Hồ Chí Minh
The Grand Spa;TP. Hồ Chí Minh;TP. Hồ Chí Minh
Hương Hà Spa;Lai Châu;Lai Châu
Hương Nhàn Spa;Lai Châu;Lai Châu
Quỳnh Hương Beauty Spa;Lai Châu;Lai Châu
Spa Linh Lợi;Lai Châu;Lai Châu
Mộc Spa;Lai Châu;Lai Châu
Anrose Spa;Lạng Sơn;Lạng Sơn
Dưỡng Sinh Thái Châu Luxury;Lạng Sơn;Lạng Sơn
Hera Spa & Clinic;Lạng Sơn;Lạng Sơn
SonaLy Spa;Lạng Sơn;Lạng Sơn
Trang Vân Spa & Beauty;Lạng Sơn;Lạng Sơn
Spa Bảo Ngọc;Điện Biên;Điện Biên
Thanh Loan Spa;Điện Biên;Điện Biên
Spa Vuông Tròn;Điện Biên;Điện Biên
Thủy Tiên Beauty Spa;Điện Biên;Điện Biên
Bong Bóng Spa;Điện Biên;Điện Biên
Thẩm Mỹ Viện Yến Dương;Điện Biên;Điện Biên
Spa Thu Hằng – Trường Ka;Điện Biên;Điện Biên
Thẩm mỹ Quốc tế Linh Anh;Đồng Nai;Đồng Nai
Viện thẩm mỹ Pensilia;Đồng Nai;Đồng Nai
Thẩm mỹ Quốc tế ANNA;Đồng Nai;Đồng Nai
Seoul Spa;Đồng Nai;Đồng Nai
Shila;Ninh Bình;Ninh Bình
Dưỡng Tâm Spa;Tây Ninh;Tây Ninh
Kelly Mai Spa;Tây Ninh;Tây Ninh
Mộc Nhi Beauty;Tây Ninh;Tây Ninh
SHYN MY Beauty SPA;Tây Ninh;Tây Ninh
Thẩm Mỹ Viện YB Spa;Tây Ninh;Tây Ninh
Thanh Xuân Spa;Tây Ninh;Tây Ninh
Thẩm mỹ viện Diva;Tây Ninh;Tây Ninh
Là khoẻ - Spa dưỡng sinh đông y Trung Hoa;Quảng Trị;Quảng Trị
Mộc Liên Spa;Quảng Trị;Quảng Trị
Tâm Dung Hằng Nails Spa;Quảng Trị;Quảng Trị
TT Lin Beauty;Quảng Trị;Quảng Trị
Uri Spa;Quảng Trị;Quảng Trị
Viện Thẩm Mỹ Mega Korea;Quảng Trị;Quảng Trị
YooHa Spa & Academy;Quảng Trị;Quảng Trị
Zen Beauty;Quảng Trị;Quảng Trị
Le Parfum Spa;Quảng Ninh;Quảng Ninh
Mai Sheng Spa - Massage;Quảng Ninh;Quảng Ninh
Massage Flowers Hạ Long;Quảng Ninh;Quảng Ninh
Mộc Trà Massage - Sauna;Quảng Ninh;Quảng Ninh
Ngâm chân cổ truyền Nguyễn Gia;Quảng Ninh;Quảng Ninh
Spa Muối Himalaya;Quảng Ninh;Quảng Ninh
Suối nước nóng Yoko Onsen Quang Hạnh;Quảng Ninh;Quảng Ninh
Dưỡng Tâm MV Beauty Quảng Trị;Quảng Trị;Quảng Trị
Bệnh viện suối khoáng Mỹ Lâm;Tuyên Quang;Tuyên Quang
Điểm tắm lá thuốc Nặm Đăm;Tuyên Quang;Tuyên Quang
La Spa;Tuyên Quang;Tuyên Quang
Khu du lịch suối khoáng Mỹ Lâm;Tuyên Quang;Tuyên Quang
Hằng’s Home;Quảng Trị;Quảng Trị
O2 Spa;Tuyên Quang;Tuyên Quang
Spa dưỡng sinh An Nhiên;Quảng Trị;Quảng Trị
Amona Spa;Thái Nguyên;Thái Nguyên
Spa Sen Mộc;Quảng Trị;Quảng Trị
Thẩm mỹ viện Aqua;Quảng Trị;Quảng Trị
Viện thẩm mỹ Công nghệ cao Thiên Kim;Quảng Trị;Quảng Trị
Charm Spa;Thái Nguyên;Thái Nguyên
Louis Spa;Quảng Trị;Quảng Trị
HB Spa;Thái Nguyên;Thái Nguyên
Đá Muối Spa;Sơn La;Sơn La
Menard Spa;Thái Nguyên;Thái Nguyên
Spa Habana;Thái Nguyên;Thái Nguyên
Massage dưỡng sinh Phương Hoa;Sơn La;Sơn La
Mộc Liên Beauty Mộc Châu;Sơn La;Sơn La
Tâm An Lạc - Home Relax;Sơn La;Sơn La
Ngân House Spa;Tây Ninh;Tây Ninh
Phẻ Spa;Vĩnh Long;Vĩnh Long
Tâm Tống Spa;Tây Ninh;Tây Ninh
ABC Spa & Clinic;Vĩnh Long;Vĩnh Long
Thẩm Mỹ Phương Lê;Tây Ninh;Tây Ninh
Vân Beauty Spa;Vĩnh Long;Vĩnh Long
Thẩm mỹ viện New Gem;Tây Ninh;Tây Ninh
Dr.Linh Spa-Sauna;Vĩnh Long;Vĩnh Long
Spa SHEPA;Vĩnh Long;Vĩnh Long
Viện Thẩm Mỹ Quốc Tế Shinhan;Tây Ninh;Tây Ninh
Her Skincare & Spa;Nghệ An;Nghệ An
MG Spa – Dưỡng Sinh Đông Y;Nghệ An;Nghệ An
Dưỡng Tâm MV Beauty;Nghệ An;Nghệ An
Bệnh viện Y học cổ truyền Nghệ An;Nghệ An;Nghệ An
Ngọc Dung;Nghệ An;Nghệ An
Hoài Thương Spa;Ninh Bình;Ninh Bình
